,Monday,Tuesday,Wednesday,Thursday,Friday,Saturday,Sunday
6,"[{""product_id"": ""357966"", ""confidence"": 0.2386, ""predicted_quantity"": 4, ""predicted_area"": ""South Natomas""}, {""product_id"": ""240196"", ""confidence"": 0.2323, ""predicted_quantity"": 4, ""predicted_area"": ""South Natomas""}, {""product_id"": ""741835"", ""confidence"": 0.105, ""predicted_quantity"": 4, ""predicted_area"": ""South Natomas""}, {""product_id"": ""782729"", ""confidence"": 0.101, ""predicted_quantity"": 4, ""predicted_area"": ""South Natomas""}, {""product_id"": ""644730"", ""confidence"": 0.087, ""predicted_quantity"": 4, ""predicted_area"": ""South Natomas""}]","[{""product_id"": ""457848"", ""confidence"": 0.1998, ""predicted_quantity"": 5, ""predicted_area"": ""South Natomas""}, {""product_id"": ""966126"", ""confidence"": 0.1664, ""predicted_quantity"": 5, ""predicted_area"": ""South Natomas""}, {""product_id"": ""240196"", ""confidence"": 0.0874, ""predicted_quantity"": 5, ""predicted_area"": ""South Natomas""}, {""product_id"": ""357966"", ""confidence"": 0.0861, ""predicted_quantity"": 5, ""predicted_area"": ""South Natomas""}, {""product_id"": ""782729"", ""confidence"": 0.0809, ""predicted_quantity"": 5, ""predicted_area"": ""South Natomas""}]","[{""product_id"": ""357966"", ""confidence"": 0.2055, ""predicted_quantity"": 5, ""predicted_area"": ""South Natomas""}, {""product_id"": ""240196"", ""confidence"": 0.175, ""predicted_quantity"": 5, ""predicted_area"": ""South Natomas""}, {""product_id"": ""656573"", ""confidence"": 0.1578, ""predicted_quantity"": 5, ""predicted_area"": ""South Natomas""}, {""product_id"": ""799380"", ""confidence"": 0.1233, ""predicted_quantity"": 5, ""predicted_area"": ""South Natomas""}, {""product_id"": ""457848"", ""confidence"": 0.1229, ""predicted_quantity"": 5, ""predicted_area"": ""South Natomas""}]","[{""product_id"": ""926868"", ""confidence"": 0.3196, ""predicted_quantity"": 5, ""predicted_area"": ""South Natomas""}, {""product_id"": ""417528"", ""confidence"": 0.1039, ""predicted_quantity"": 5, ""predicted_area"": ""South Natomas""}, {""product_id"": ""846554"", ""confidence"": 0.0933, ""predicted_quantity"": 5, ""predicted_area"": ""South Natomas""}, {""product_id"": ""542696"", ""confidence"": 0.0861, ""predicted_quantity"": 5, ""predicted_area"": ""South Natomas""}, {""product_id"": ""876627"", ""confidence"": 0.0731, ""predicted_quantity"": 5, ""predicted_area"": ""South Natomas""}]","[{""product_id"": ""424718"", ""confidence"": 0.2074, ""predicted_quantity"": 4, ""predicted_area"": ""South Natomas""}, {""product_id"": ""741835"", ""confidence"": 0.0998, ""predicted_quantity"": 4, ""predicted_area"": ""South Natomas""}, {""product_id"": ""203454"", ""confidence"": 0.0952, ""predicted_quantity"": 4, ""predicted_area"": ""South Natomas""}, {""product_id"": ""799380"", ""confidence"": 0.0943, ""predicted_quantity"": 4, ""predicted_area"": ""South Natomas""}, {""product_id"": ""966126"", ""confidence"": 0.0907, ""predicted_quantity"": 4, ""predicted_area"": ""South Natomas""}]","[{""product_id"": ""799380"", ""confidence"": 0.1317, ""predicted_quantity"": 4, ""predicted_area"": ""South Natomas""}, {""product_id"": ""424718"", ""confidence"": 0.1302, ""predicted_quantity"": 4, ""predicted_area"": ""South Natomas""}, {""product_id"": ""457848"", ""confidence"": 0.0825, ""predicted_quantity"": 4, ""predicted_area"": ""South Natomas""}, {""product_id"": ""740474"", ""confidence"": 0.0791, ""predicted_quantity"": 4, ""predicted_area"": ""South Natomas""}, {""product_id"": ""966126"", ""confidence"": 0.0773, ""predicted_quantity"": 4, ""predicted_area"": ""South Natomas""}]","[{""product_id"": ""966126"", ""confidence"": 0.2538, ""predicted_quantity"": 4, ""predicted_area"": ""South Natomas""}, {""product_id"": ""120672"", ""confidence"": 0.1327, ""predicted_quantity"": 4, ""predicted_area"": ""South Natomas""}, {""product_id"": ""417528"", ""confidence"": 0.12, ""predicted_quantity"": 4, ""predicted_area"": ""South Natomas""}, {""product_id"": ""203454"", ""confidence"": 0.1182, ""predicted_quantity"": 4, ""predicted_area"": ""South Natomas""}, {""product_id"": ""926868"", ""confidence"": 0.1088, ""predicted_quantity"": 4, ""predicted_area"": ""South Natomas""}]"
7,"[{""product_id"": ""293073"", ""confidence"": 0.1595, ""predicted_quantity"": 4, ""predicted_area"": ""South Natomas""}, {""product_id"": ""417528"", ""confidence"": 0.1533, ""predicted_quantity"": 4, ""predicted_area"": ""South Natomas""}, {""product_id"": ""782729"", ""confidence"": 0.0909, ""predicted_quantity"": 4, ""predicted_area"": ""South Natomas""}, {""product_id"": ""424718"", ""confidence"": 0.0758, ""predicted_quantity"": 4, ""predicted_area"": ""South Natomas""}, {""product_id"": ""926868"", ""confidence"": 0.0757, ""predicted_quantity"": 4, ""predicted_area"": ""South Natomas""}]","[{""product_id"": ""644730"", ""confidence"": 0.1004, ""predicted_quantity"": 5, ""predicted_area"": ""South Natomas""}, {""product_id"": ""799380"", ""confidence"": 0.0921, ""predicted_quantity"": 5, ""predicted_area"": ""South Natomas""}, {""product_id"": ""542696"", ""confidence"": 0.0908, ""predicted_quantity"": 5, ""predicted_area"": ""South Natomas""}, {""product_id"": ""926868"", ""confidence"": 0.0875, ""predicted_quantity"": 5, ""predicted_area"": ""South Natomas""}, {""product_id"": ""120672"", ""confidence"": 0.0857, ""predicted_quantity"": 5, ""predicted_area"": ""South Natomas""}]","[{""product_id"": ""799380"", ""confidence"": 0.1005, ""predicted_quantity"": 5, ""predicted_area"": ""South Natomas""}, {""product_id"": ""656573"", ""confidence"": 0.0917, ""predicted_quantity"": 5, ""predicted_area"": ""South Natomas""}, {""product_id"": ""740474"", ""confidence"": 0.0914, ""predicted_quantity"": 5, ""predicted_area"": ""South Natomas""}, {""product_id"": ""293073"", ""confidence"": 0.0829, ""predicted_quantity"": 5, ""predicted_area"": ""South Natomas""}, {""product_id"": ""240196"", ""confidence"": 0.0827, ""predicted_quantity"": 5, ""predicted_area"": ""South Natomas""}]","[{""product_id"": ""846554"", ""confidence"": 0.172, ""predicted_quantity"": 4, ""predicted_area"": ""South Natomas""}, {""product_id"": ""203454"", ""confidence"": 0.162, ""predicted_quantity"": 4, ""predicted_area"": ""South Natomas""}, {""product_id"": ""457848"", ""confidence"": 0.1492, ""predicted_quantity"": 4, ""predicted_area"": ""South Natomas""}, {""product_id"": ""644730"", ""confidence"": 0.0865, ""predicted_quantity"": 4, ""predicted_area"": ""South Natomas""}, {""product_id"": ""740474"", ""confidence"": 0.0814, ""predicted_quantity"": 4, ""predicted_area"": ""South Natomas""}]","[{""product_id"": ""293073"", ""confidence"": 0.246, ""predicted_quantity"": 4, ""predicted_area"": ""Oak Park""}, {""product_id"": ""542696"", ""confidence"": 0.2275, ""predicted_quantity"": 4, ""predicted_area"": ""Oak Park""}, {""product_id"": ""129553"", ""confidence"": 0.1057, ""predicted_quantity"": 4, ""predicted_area"": ""Oak Park""}, {""product_id"": ""782729"", ""confidence"": 0.1026, ""predicted_quantity"": 4, ""predicted_area"": ""Oak Park""}, {""product_id"": ""575961"", ""confidence"": 0.1022, ""predicted_quantity"": 4, ""predicted_area"": ""Oak Park""}]","[{""product_id"": ""926868"", ""confidence"": 0.1403, ""predicted_quantity"": 4, ""predicted_area"": ""South Natomas""}, {""product_id"": ""293073"", ""confidence"": 0.1054, ""predicted_quantity"": 4, ""predicted_area"": ""South Natomas""}, {""product_id"": ""417528"", ""confidence"": 0.1014, ""predicted_quantity"": 4, ""predicted_area"": ""South Natomas""}, {""product_id"": ""966126"", ""confidence"": 0.0962, ""predicted_quantity"": 4, ""predicted_area"": ""South Natomas""}, {""product_id"": ""740474"", ""confidence"": 0.0951, ""predicted_quantity"": 4, ""predicted_area"": ""South Natomas""}]","[{""product_id"": ""240196"", ""confidence"": 0.156, ""predicted_quantity"": 4, ""predicted_area"": ""South Natomas""}, {""product_id"": ""203454"", ""confidence"": 0.0905, ""predicted_quantity"": 4, ""predicted_area"": ""South Natomas""}, {""product_id"": ""424718"", ""confidence"": 0.0839, ""predicted_quantity"": 4, ""predicted_area"": ""South Natomas""}, {""product_id"": ""741835"", ""confidence"": 0.0827, ""predicted_quantity"": 4, ""predicted_area"": ""South Natomas""}, {""product_id"": ""417528"", ""confidence"": 0.0824, ""predicted_quantity"": 4, ""predicted_area"": ""South Natomas""}]"
8,"[{""product_id"": ""846554"", ""confidence"": 0.1723, ""predicted_quantity"": 4, ""predicted_area"": ""South Natomas""}, {""product_id"": ""424718"", ""confidence"": 0.1121, ""predicted_quantity"": 4, ""predicted_area"": ""South Natomas""}, {""product_id"": ""644730"", ""confidence"": 0.1093, ""predicted_quantity"": 4, ""predicted_area"": ""South Natomas""}, {""product_id"": ""129553"", ""confidence"": 0.1087, ""predicted_quantity"": 4, ""predicted_area"": ""South Natomas""}, {""product_id"": ""782729"", ""confidence"": 0.1066, ""predicted_quantity"": 4, ""predicted_area"": ""South Natomas""}]","[{""product_id"": ""741835"", ""confidence"": 0.1231, ""predicted_quantity"": 4, ""predicted_area"": ""South Natomas""}, {""product_id"": ""855119"", ""confidence"": 0.1171, ""predicted_quantity"": 4, ""predicted_area"": ""South Natomas""}, {""product_id"": ""644730"", ""confidence"": 0.1106, ""predicted_quantity"": 4, ""predicted_area"": ""South Natomas""}, {""product_id"": ""575961"", ""confidence"": 0.0658, ""predicted_quantity"": 4, ""predicted_area"": ""South Natomas""}, {""product_id"": ""542696"", ""confidence"": 0.0633, ""predicted_quantity"": 4, ""predicted_area"": ""South Natomas""}]","[{""product_id"": ""926868"", ""confidence"": 0.1794, ""predicted_quantity"": 5, ""predicted_area"": ""South Natomas""}, {""product_id"": ""740474"", ""confidence"": 0.1746, ""predicted_quantity"": 5, ""predicted_area"": ""South Natomas""}, {""product_id"": ""240196"", ""confidence"": 0.0963, ""predicted_quantity"": 5, ""predicted_area"": ""South Natomas""}, {""product_id"": ""129553"", ""confidence"": 0.0961, ""predicted_quantity"": 5, ""predicted_area"": ""South Natomas""}, {""product_id"": ""855119"", ""confidence"": 0.0885, ""predicted_quantity"": 5, ""predicted_area"": ""South Natomas""}]","[{""product_id"": ""240196"", ""confidence"": 0.1497, ""predicted_quantity"": 4, ""predicted_area"": ""South Natomas""}, {""product_id"": ""457848"", ""confidence"": 0.1434, ""predicted_quantity"": 4, ""predicted_area"": ""South Natomas""}, {""product_id"": ""644730"", ""confidence"": 0.0824, ""predicted_quantity"": 4, ""predicted_area"": ""South Natomas""}, {""product_id"": ""203454"", ""confidence"": 0.0728, ""predicted_quantity"": 4, ""predicted_area"": ""South Natomas""}, {""product_id"": ""417009"", ""confidence"": 0.0708, ""predicted_quantity"": 4, ""predicted_area"": ""South Natomas""}]","[{""product_id"": ""203454"", ""confidence"": 0.1824, ""predicted_quantity"": 4, ""predicted_area"": ""Oak Park""}, {""product_id"": ""129553"", ""confidence"": 0.0964, ""predicted_quantity"": 4, ""predicted_area"": ""Oak Park""}, {""product_id"": ""542696"", ""confidence"": 0.0953, ""predicted_quantity"": 4, ""predicted_area"": ""Oak Park""}, {""product_id"": ""876627"", ""confidence"": 0.0947, ""predicted_quantity"": 4, ""predicted_area"": ""Oak Park""}, {""product_id"": ""357966"", ""confidence"": 0.0884, ""predicted_quantity"": 4, ""predicted_area"": ""Oak Park""}]","[{""product_id"": ""129553"", ""confidence"": 0.1138, ""predicted_quantity"": 4, ""predicted_area"": ""South Natomas""}, {""product_id"": ""542696"", ""confidence"": 0.1085, ""predicted_quantity"": 4, ""predicted_area"": ""South Natomas""}, {""product_id"": ""203454"", ""confidence"": 0.1015, ""predicted_quantity"": 4, ""predicted_area"": ""South Natomas""}, {""product_id"": ""966126"", ""confidence"": 0.1003, ""predicted_quantity"": 4, ""predicted_area"": ""South Natomas""}, {""product_id"": ""876627"", ""confidence"": 0.0983, ""predicted_quantity"": 4, ""predicted_area"": ""South Natomas""}]","[{""product_id"": ""417009"", ""confidence"": 0.223, ""predicted_quantity"": 4, ""predicted_area"": ""South Natomas""}, {""product_id"": ""424718"", ""confidence"": 0.1961, ""predicted_quantity"": 4, ""predicted_area"": ""South Natomas""}, {""product_id"": ""876627"", ""confidence"": 0.1087, ""predicted_quantity"": 4, ""predicted_area"": ""South Natomas""}, {""product_id"": ""644730"", ""confidence"": 0.0944, ""predicted_quantity"": 4, ""predicted_area"": ""South Natomas""}, {""product_id"": ""741835"", ""confidence"": 0.0923, ""predicted_quantity"": 4, ""predicted_area"": ""South Natomas""}]"
9,"[{""product_id"": ""575961"", ""confidence"": 0.1607, ""predicted_quantity"": 4, ""predicted_area"": ""South Natomas""}, {""product_id"": ""846554"", ""confidence"": 0.1381, ""predicted_quantity"": 4, ""predicted_area"": ""South Natomas""}, {""product_id"": ""740474"", ""confidence"": 0.1322, ""predicted_quantity"": 4, ""predicted_area"": ""South Natomas""}, {""product_id"": ""391708"", ""confidence"": 0.1292, ""predicted_quantity"": 4, ""predicted_area"": ""South Natomas""}, {""product_id"": ""120672"", ""confidence"": 0.1278, ""predicted_quantity"": 4, ""predicted_area"": ""South Natomas""}]","[{""product_id"": ""740474"", ""confidence"": 0.1544, ""predicted_quantity"": 4, ""predicted_area"": ""South Natomas""}, {""product_id"": ""457848"", ""confidence"": 0.1515, ""predicted_quantity"": 4, ""predicted_area"": ""South Natomas""}, {""product_id"": ""846554"", ""confidence"": 0.1066, ""predicted_quantity"": 4, ""predicted_area"": ""South Natomas""}, {""product_id"": ""221626"", ""confidence"": 0.0663, ""predicted_quantity"": 4, ""predicted_area"": ""South Natomas""}, {""product_id"": ""129553"", ""confidence"": 0.0615, ""predicted_quantity"": 4, ""predicted_area"": ""South Natomas""}]","[{""product_id"": ""846554"", ""confidence"": 0.143, ""predicted_quantity"": 5, ""predicted_area"": ""South Natomas""}, {""product_id"": ""391708"", ""confidence"": 0.1326, ""predicted_quantity"": 5, ""predicted_area"": ""South Natomas""}, {""product_id"": ""203454"", ""confidence"": 0.1289, ""predicted_quantity"": 5, ""predicted_area"": ""South Natomas""}, {""product_id"": ""129553"", ""confidence"": 0.0695, ""predicted_quantity"": 5, ""predicted_area"": ""South Natomas""}, {""product_id"": ""575961"", ""confidence"": 0.0661, ""predicted_quantity"": 5, ""predicted_area"": ""South Natomas""}]","[{""product_id"": ""129553"", ""confidence"": 0.1663, ""predicted_quantity"": 4, ""predicted_area"": ""South Natomas""}, {""product_id"": ""203454"", ""confidence"": 0.1164, ""predicted_quantity"": 4, ""predicted_area"": ""South Natomas""}, {""product_id"": ""855119"", ""confidence"": 0.1132, ""predicted_quantity"": 4, ""predicted_area"": ""South Natomas""}, {""product_id"": ""221626"", ""confidence"": 0.1024, ""predicted_quantity"": 4, ""predicted_area"": ""South Natomas""}, {""product_id"": ""417528"", ""confidence"": 0.0938, ""predicted_quantity"": 4, ""predicted_area"": ""South Natomas""}]","[{""product_id"": ""740474"", ""confidence"": 0.1852, ""predicted_quantity"": 4, ""predicted_area"": ""Oak Park""}, {""product_id"": ""656573"", ""confidence"": 0.156, ""predicted_quantity"": 4, ""predicted_area"": ""Oak Park""}, {""product_id"": ""417009"", ""confidence"": 0.0865, ""predicted_quantity"": 4, ""predicted_area"": ""Oak Park""}, {""product_id"": ""240196"", ""confidence"": 0.0837, ""predicted_quantity"": 4, ""predicted_area"": ""Oak Park""}, {""product_id"": ""782729"", ""confidence"": 0.0827, ""predicted_quantity"": 4, ""predicted_area"": ""Oak Park""}]","[{""product_id"": ""203454"", ""confidence"": 0.2566, ""predicted_quantity"": 4, ""predicted_area"": ""South Natomas""}, {""product_id"": ""782729"", ""confidence"": 0.1555, ""predicted_quantity"": 4, ""predicted_area"": ""South Natomas""}, {""product_id"": ""575961"", ""confidence"": 0.084, ""predicted_quantity"": 4, ""predicted_area"": ""South Natomas""}, {""product_id"": ""240196"", ""confidence"": 0.0822, ""predicted_quantity"": 4, ""predicted_area"": ""South Natomas""}, {""product_id"": ""542696"", ""confidence"": 0.0805, ""predicted_quantity"": 4, ""predicted_area"": ""South Natomas""}]","[{""product_id"": ""417009"", ""confidence"": 0.1391, ""predicted_quantity"": 4, ""predicted_area"": ""South Natomas""}, {""product_id"": ""542696"", ""confidence"": 0.0888, ""predicted_quantity"": 4, ""predicted_area"": ""South Natomas""}, {""product_id"": ""203454"", ""confidence"": 0.0771, ""predicted_quantity"": 4, ""predicted_area"": ""South Natomas""}, {""product_id"": ""129553"", ""confidence"": 0.0767, ""predicted_quantity"": 4, ""predicted_area"": ""South Natomas""}, {""product_id"": ""644730"", ""confidence"": 0.0737, ""predicted_quantity"": 4, ""predicted_area"": ""South Natomas""}]"
10,"[{""product_id"": ""656573"", ""confidence"": 0.2488, ""predicted_quantity"": 4, ""predicted_area"": ""South Natomas""}, {""product_id"": ""846554"", ""confidence"": 0.1982, ""predicted_quantity"": 4, ""predicted_area"": ""South Natomas""}, {""product_id"": ""799380"", ""confidence"": 0.0951, ""predicted_quantity"": 4, ""predicted_area"": ""South Natomas""}, {""product_id"": ""644730"", ""confidence"": 0.0858, ""predicted_quantity"": 4, ""predicted_area"": ""South Natomas""}, {""product_id"": ""417009"", ""confidence"": 0.068, ""predicted_quantity"": 4, ""predicted_area"": ""South Natomas""}]","[{""product_id"": ""966126"", ""confidence"": 0.149, ""predicted_quantity"": 4, ""predicted_area"": ""South Natomas""}, {""product_id"": ""656573"", ""confidence"": 0.0874, ""predicted_quantity"": 4, ""predicted_area"": ""South Natomas""}, {""product_id"": ""457848"", ""confidence"": 0.0843, ""predicted_quantity"": 4, ""predicted_area"": ""South Natomas""}, {""product_id"": ""240196"", ""confidence"": 0.0806, ""predicted_quantity"": 4, ""predicted_area"": ""South Natomas""}, {""product_id"": ""221626"", ""confidence"": 0.0781, ""predicted_quantity"": 4, ""predicted_area"": ""South Natomas""}]","[{""product_id"": ""129553"", ""confidence"": 0.1157, ""predicted_quantity"": 4, ""predicted_area"": ""South Natomas""}, {""product_id"": ""240196"", ""confidence"": 0.1008, ""predicted_quantity"": 4, ""predicted_area"": ""South Natomas""}, {""product_id"": ""424718"", ""confidence"": 0.0958, ""predicted_quantity"": 4, ""predicted_area"": ""South Natomas""}, {""product_id"": ""782729"", ""confidence"": 0.0957, ""predicted_quantity"": 4, ""predicted_area"": ""South Natomas""}, {""product_id"": ""417009"", ""confidence"": 0.0944, ""predicted_quantity"": 4, ""predicted_area"": ""South Natomas""}]","[{""product_id"": ""740474"", ""confidence"": 0.143, ""predicted_quantity"": 4, ""predicted_area"": ""South Natomas""}, {""product_id"": ""966126"", ""confidence"": 0.1323, ""predicted_quantity"": 4, ""predicted_area"": ""South Natomas""}, {""product_id"": ""391708"", ""confidence"": 0.1269, ""predicted_quantity"": 4, ""predicted_area"": ""South Natomas""}, {""product_id"": ""656573"", ""confidence"": 0.1184, ""predicted_quantity"": 4, ""predicted_area"": ""South Natomas""}, {""product_id"": ""221626"", ""confidence"": 0.0739, ""predicted_quantity"": 4, ""predicted_area"": ""South Natomas""}]","[{""product_id"": ""240196"", ""confidence"": 0.1665, ""predicted_quantity"": 4, ""predicted_area"": ""Oak Park""}, {""product_id"": ""457848"", ""confidence"": 0.1624, ""predicted_quantity"": 4, ""predicted_area"": ""Oak Park""}, {""product_id"": ""221626"", ""confidence"": 0.1573, ""predicted_quantity"": 4, ""predicted_area"": ""Oak Park""}, {""product_id"": ""357966"", ""confidence"": 0.0722, ""predicted_quantity"": 4, ""predicted_area"": ""Oak Park""}, {""product_id"": ""782729"", ""confidence"": 0.0712, ""predicted_quantity"": 4, ""predicted_area"": ""Oak Park""}]","[{""product_id"": ""876627"", ""confidence"": 0.2206, ""predicted_quantity"": 4, ""predicted_area"": ""South Natomas""}, {""product_id"": ""741835"", ""confidence"": 0.1468, ""predicted_quantity"": 4, ""predicted_area"": ""South Natomas""}, {""product_id"": ""542696"", ""confidence"": 0.0882, ""predicted_quantity"": 4, ""predicted_area"": ""South Natomas""}, {""product_id"": ""656573"", ""confidence"": 0.0781, ""predicted_quantity"": 4, ""predicted_area"": ""South Natomas""}, {""product_id"": ""240196"", ""confidence"": 0.0709, ""predicted_quantity"": 4, ""predicted_area"": ""South Natomas""}]","[{""product_id"": ""799380"", ""confidence"": 0.2018, ""predicted_quantity"": 4, ""predicted_area"": ""South Natomas""}, {""product_id"": ""221626"", ""confidence"": 0.2017, ""predicted_quantity"": 4, ""predicted_area"": ""South Natomas""}, {""product_id"": ""741835"", ""confidence"": 0.0993, ""predicted_quantity"": 4, ""predicted_area"": ""South Natomas""}, {""product_id"": ""876627"", ""confidence"": 0.0969, ""predicted_quantity"": 4, ""predicted_area"": ""South Natomas""}, {""product_id"": ""417009"", ""confidence"": 0.0917, ""predicted_quantity"": 4, ""predicted_area"": ""South Natomas""}]"
11,"[{""product_id"": ""782729"", ""confidence"": 0.2171, ""predicted_quantity"": 4, ""predicted_area"": ""South Natomas""}, {""product_id"": ""741835"", ""confidence"": 0.2162, ""predicted_quantity"": 4, ""predicted_area"": ""South Natomas""}, {""product_id"": ""221626"", ""confidence"": 0.1321, ""predicted_quantity"": 4, ""predicted_area"": ""South Natomas""}, {""product_id"": ""966126"", ""confidence"": 0.0727, ""predicted_quantity"": 4, ""predicted_area"": ""South Natomas""}, {""product_id"": ""203454"", ""confidence"": 0.0718, ""predicted_quantity"": 4, ""predicted_area"": ""South Natomas""}]","[{""product_id"": ""129553"", ""confidence"": 0.1719, ""predicted_quantity"": 4, ""predicted_area"": ""South Natomas""}, {""product_id"": ""417009"", ""confidence"": 0.1406, ""predicted_quantity"": 4, ""predicted_area"": ""South Natomas""}, {""product_id"": ""855119"", ""confidence"": 0.0807, ""predicted_quantity"": 4, ""predicted_area"": ""South Natomas""}, {""product_id"": ""876627"", ""confidence"": 0.0777, ""predicted_quantity"": 4, ""predicted_area"": ""South Natomas""}, {""product_id"": ""424718"", ""confidence"": 0.0754, ""predicted_quantity"": 4, ""predicted_area"": ""South Natomas""}]","[{""product_id"": ""129553"", ""confidence"": 0.2117, ""predicted_quantity"": 4, ""predicted_area"": ""South Natomas""}, {""product_id"": ""293073"", ""confidence"": 0.1505, ""predicted_quantity"": 4, ""predicted_area"": ""South Natomas""}, {""product_id"": ""876627"", ""confidence"": 0.1421, ""predicted_quantity"": 4, ""predicted_area"": ""South Natomas""}, {""product_id"": ""740474"", ""confidence"": 0.1402, ""predicted_quantity"": 4, ""predicted_area"": ""South Natomas""}, {""product_id"": ""799380"", ""confidence"": 0.1372, ""predicted_quantity"": 4, ""predicted_area"": ""South Natomas""}]","[{""product_id"": ""966126"", ""confidence"": 0.1483, ""predicted_quantity"": 4, ""predicted_area"": ""South Natomas""}, {""product_id"": ""644730"", ""confidence"": 0.1349, ""predicted_quantity"": 4, ""predicted_area"": ""South Natomas""}, {""product_id"": ""740474"", ""confidence"": 0.0944, ""predicted_quantity"": 4, ""predicted_area"": ""South Natomas""}, {""product_id"": ""129553"", ""confidence"": 0.0904, ""predicted_quantity"": 4, ""predicted_area"": ""South Natomas""}, {""product_id"": ""424718"", ""confidence"": 0.09, ""predicted_quantity"": 4, ""predicted_area"": ""South Natomas""}]","[{""product_id"": ""221626"", ""confidence"": 0.1698, ""predicted_quantity"": 4, ""predicted_area"": ""Oak Park""}, {""product_id"": ""926868"", ""confidence"": 0.1604, ""predicted_quantity"": 4, ""predicted_area"": ""Oak Park""}, {""product_id"": ""240196"", ""confidence"": 0.0921, ""predicted_quantity"": 4, ""predicted_area"": ""Oak Park""}, {""product_id"": ""741835"", ""confidence"": 0.0796, ""predicted_quantity"": 4, ""predicted_area"": ""Oak Park""}, {""product_id"": ""120672"", ""confidence"": 0.0781, ""predicted_quantity"": 4, ""predicted_area"": ""Oak Park""}]","[{""product_id"": ""120672"", ""confidence"": 0.153, ""predicted_quantity"": 4, ""predicted_area"": ""South Natomas""}, {""product_id"": ""357966"", ""confidence"": 0.15, ""predicted_quantity"": 4, ""predicted_area"": ""South Natomas""}, {""product_id"": ""417528"", ""confidence"": 0.1437, ""predicted_quantity"": 4, ""predicted_area"": ""South Natomas""}, {""product_id"": ""542696"", ""confidence"": 0.1299, ""predicted_quantity"": 4, ""predicted_area"": ""South Natomas""}, {""product_id"": ""656573"", ""confidence"": 0.128, ""predicted_quantity"": 4, ""predicted_area"": ""South Natomas""}]","[{""product_id"": ""966126"", ""confidence"": 0.2324, ""predicted_quantity"": 4, ""predicted_area"": ""South Natomas""}, {""product_id"": ""417009"", ""confidence"": 0.1306, ""predicted_quantity"": 4, ""predicted_area"": ""South Natomas""}, {""product_id"": ""357966"", ""confidence"": 0.1162, ""predicted_quantity"": 4, ""predicted_area"": ""South Natomas""}, {""product_id"": ""457848"", ""confidence"": 0.1121, ""predicted_quantity"": 4, ""predicted_area"": ""South Natomas""}, {""product_id"": ""741835"", ""confidence"": 0.1048, ""predicted_quantity"": 4, ""predicted_area"": ""South Natomas""}]"
12,"[{""product_id"": ""741835"", ""confidence"": 0.182, ""predicted_quantity"": 4, ""predicted_area"": ""South Natomas""}, {""product_id"": ""203454"", ""confidence"": 0.1764, ""predicted_quantity"": 4, ""predicted_area"": ""South Natomas""}, {""product_id"": ""799380"", ""confidence"": 0.0984, ""predicted_quantity"": 4, ""predicted_area"": ""South Natomas""}, {""product_id"": ""575961"", ""confidence"": 0.0795, ""predicted_quantity"": 4, ""predicted_area"": ""South Natomas""}, {""product_id"": ""293073"", ""confidence"": 0.0781, ""predicted_quantity"": 4, ""predicted_area"": ""South Natomas""}]","[{""product_id"": ""120672"", ""confidence"": 0.1479, ""predicted_quantity"": 4, ""predicted_area"": ""South Natomas""}, {""product_id"": ""424718"", ""confidence"": 0.1052, ""predicted_quantity"": 4, ""predicted_area"": ""South Natomas""}, {""product_id"": ""926868"", ""confidence"": 0.102, ""predicted_quantity"": 4, ""predicted_area"": ""South Natomas""}, {""product_id"": ""799380"", ""confidence"": 0.0981, ""predicted_quantity"": 4, ""predicted_area"": ""South Natomas""}, {""product_id"": ""575961"", ""confidence"": 0.0629, ""predicted_quantity"": 4, ""predicted_area"": ""South Natomas""}]","[{""product_id"": ""417009"", ""confidence"": 0.1586, ""predicted_quantity"": 4, ""predicted_area"": ""South Natomas""}, {""product_id"": ""740474"", ""confidence"": 0.1168, ""predicted_quantity"": 4, ""predicted_area"": ""South Natomas""}, {""product_id"": ""417528"", ""confidence"": 0.1165, ""predicted_quantity"": 4, ""predicted_area"": ""South Natomas""}, {""product_id"": ""457848"", ""confidence"": 0.1102, ""predicted_quantity"": 4, ""predicted_area"": ""South Natomas""}, {""product_id"": ""391708"", ""confidence"": 0.1044, ""predicted_quantity"": 4, ""predicted_area"": ""South Natomas""}]","[{""product_id"": ""424718"", ""confidence"": 0.115, ""predicted_quantity"": 4, ""predicted_area"": ""South Natomas""}, {""product_id"": ""575961"", ""confidence"": 0.1078, ""predicted_quantity"": 4, ""predicted_area"": ""South Natomas""}, {""product_id"": ""740474"", ""confidence"": 0.1013, ""predicted_quantity"": 4, ""predicted_area"": ""South Natomas""}, {""product_id"": ""782729"", ""confidence"": 0.0653, ""predicted_quantity"": 4, ""predicted_area"": ""South Natomas""}, {""product_id"": ""926868"", ""confidence"": 0.0624, ""predicted_quantity"": 4, ""predicted_area"": ""South Natomas""}]","[{""product_id"": ""876627"", ""confidence"": 0.2277, ""predicted_quantity"": 4, ""predicted_area"": ""Oak Park""}, {""product_id"": ""417528"", ""confidence"": 0.1842, ""predicted_quantity"": 4, ""predicted_area"": ""Oak Park""}, {""product_id"": ""240196"", ""confidence"": 0.1766, ""predicted_quantity"": 4, ""predicted_area"": ""Oak Park""}, {""product_id"": ""799380"", ""confidence"": 0.1666, ""predicted_quantity"": 4, ""predicted_area"": ""Oak Park""}, {""product_id"": ""221626"", ""confidence"": 0.0392, ""predicted_quantity"": 4, ""predicted_area"": ""Oak Park""}]","[{""product_id"": ""221626"", ""confidence"": 0.1914, ""predicted_quantity"": 4, ""predicted_area"": ""South Natomas""}, {""product_id"": ""876627"", ""confidence"": 0.1275, ""predicted_quantity"": 4, ""predicted_area"": ""South Natomas""}, {""product_id"": ""357966"", ""confidence"": 0.077, ""predicted_quantity"": 4, ""predicted_area"": ""South Natomas""}, {""product_id"": ""129553"", ""confidence"": 0.0715, ""predicted_quantity"": 4, ""predicted_area"": ""South Natomas""}, {""product_id"": ""926868"", ""confidence"": 0.0686, ""predicted_quantity"": 4, ""predicted_area"": ""South Natomas""}]","[{""product_id"": ""457848"", ""confidence"": 0.206, ""predicted_quantity"": 4, ""predicted_area"": ""South Natomas""}, {""product_id"": ""357966"", ""confidence"": 0.1073, ""predicted_quantity"": 4, ""predicted_area"": ""South Natomas""}, {""product_id"": ""740474"", ""confidence"": 0.1048, ""predicted_quantity"": 4, ""predicted_area"": ""South Natomas""}, {""product_id"": ""846554"", ""confidence"": 0.0991, ""predicted_quantity"": 4, ""predicted_area"": ""South Natomas""}, {""product_id"": ""120672"", ""confidence"": 0.0984, ""predicted_quantity"": 4, ""predicted_area"": ""South Natomas""}]"
13,"[{""product_id"": ""575961"", ""confidence"": 0.1847, ""predicted_quantity"": 4, ""predicted_area"": ""South Natomas""}, {""product_id"": ""799380"", ""confidence"": 0.1582, ""predicted_quantity"": 4, ""predicted_area"": ""South Natomas""}, {""product_id"": ""293073"", ""confidence"": 0.1067, ""predicted_quantity"": 4, ""predicted_area"": ""South Natomas""}, {""product_id"": ""542696"", ""confidence"": 0.0763, ""predicted_quantity"": 4, ""predicted_area"": ""South Natomas""}, {""product_id"": ""391708"", ""confidence"": 0.0741, ""predicted_quantity"": 4, ""predicted_area"": ""South Natomas""}]","[{""product_id"": ""740474"", ""confidence"": 0.1653, ""predicted_quantity"": 4, ""predicted_area"": ""South Natomas""}, {""product_id"": ""644730"", ""confidence"": 0.122, ""predicted_quantity"": 4, ""predicted_area"": ""South Natomas""}, {""product_id"": ""357966"", ""confidence"": 0.1186, ""predicted_quantity"": 4, ""predicted_area"": ""South Natomas""}, {""product_id"": ""575961"", ""confidence"": 0.1172, ""predicted_quantity"": 4, ""predicted_area"": ""South Natomas""}, {""product_id"": ""120672"", ""confidence"": 0.067, ""predicted_quantity"": 4, ""predicted_area"": ""South Natomas""}]","[{""product_id"": ""457848"", ""confidence"": 0.1521, ""predicted_quantity"": 4, ""predicted_area"": ""South Natomas""}, {""product_id"": ""293073"", ""confidence"": 0.1442, ""predicted_quantity"": 4, ""predicted_area"": ""South Natomas""}, {""product_id"": ""357966"", ""confidence"": 0.0841, ""predicted_quantity"": 4, ""predicted_area"": ""South Natomas""}, {""product_id"": ""740474"", ""confidence"": 0.0791, ""predicted_quantity"": 4, ""predicted_area"": ""South Natomas""}, {""product_id"": ""417528"", ""confidence"": 0.0729, ""predicted_quantity"": 4, ""predicted_area"": ""South Natomas""}]","[{""product_id"": ""120672"", ""confidence"": 0.1417, ""predicted_quantity"": 4, ""predicted_area"": ""South Natomas""}, {""product_id"": ""391708"", ""confidence"": 0.132, ""predicted_quantity"": 4, ""predicted_area"": ""South Natomas""}, {""product_id"": ""846554"", ""confidence"": 0.1192, ""predicted_quantity"": 4, ""predicted_area"": ""South Natomas""}, {""product_id"": ""424718"", ""confidence"": 0.0691, ""predicted_quantity"": 4, ""predicted_area"": ""South Natomas""}, {""product_id"": ""644730"", ""confidence"": 0.0621, ""predicted_quantity"": 4, ""predicted_area"": ""South Natomas""}]","[{""product_id"": ""542696"", ""confidence"": 0.1265, ""predicted_quantity"": 4, ""predicted_area"": ""Oak Park""}, {""product_id"": ""575961"", ""confidence"": 0.1238, ""predicted_quantity"": 4, ""predicted_area"": ""Oak Park""}, {""product_id"": ""855119"", ""confidence"": 0.12, ""predicted_quantity"": 4, ""predicted_area"": ""Oak Park""}, {""product_id"": ""221626"", ""confidence"": 0.104, ""predicted_quantity"": 4, ""predicted_area"": ""Oak Park""}, {""product_id"": ""240196"", ""confidence"": 0.0662, ""predicted_quantity"": 4, ""predicted_area"": ""Oak Park""}]","[{""product_id"": ""424718"", ""confidence"": 0.1309, ""predicted_quantity"": 4, ""predicted_area"": ""South Natomas""}, {""product_id"": ""240196"", ""confidence"": 0.1239, ""predicted_quantity"": 4, ""predicted_area"": ""South Natomas""}, {""product_id"": ""740474"", ""confidence"": 0.0668, ""predicted_quantity"": 4, ""predicted_area"": ""South Natomas""}, {""product_id"": ""357966"", ""confidence"": 0.0634, ""predicted_quantity"": 4, ""predicted_area"": ""South Natomas""}, {""product_id"": ""417009"", ""confidence"": 0.0614, ""predicted_quantity"": 4, ""predicted_area"": ""South Natomas""}]","[{""product_id"": ""293073"", ""confidence"": 0.2129, ""predicted_quantity"": 4, ""predicted_area"": ""South Natomas""}, {""product_id"": ""966126"", ""confidence"": 0.1567, ""predicted_quantity"": 4, ""predicted_area"": ""South Natomas""}, {""product_id"": ""120672"", ""confidence"": 0.15, ""predicted_quantity"": 4, ""predicted_area"": ""South Natomas""}, {""product_id"": ""740474"", ""confidence"": 0.0691, ""predicted_quantity"": 4, ""predicted_area"": ""South Natomas""}, {""product_id"": ""129553"", ""confidence"": 0.0673, ""predicted_quantity"": 4, ""predicted_area"": ""South Natomas""}]"
14,"[{""product_id"": ""203454"", ""confidence"": 0.1224, ""predicted_quantity"": 4, ""predicted_area"": ""South Natomas""}, {""product_id"": ""391708"", ""confidence"": 0.1205, ""predicted_quantity"": 4, ""predicted_area"": ""South Natomas""}, {""product_id"": ""656573"", ""confidence"": 0.1154, ""predicted_quantity"": 4, ""predicted_area"": ""South Natomas""}, {""product_id"": ""855119"", ""confidence"": 0.0991, ""predicted_quantity"": 4, ""predicted_area"": ""South Natomas""}, {""product_id"": ""293073"", ""confidence"": 0.095, ""predicted_quantity"": 4, ""predicted_area"": ""South Natomas""}]","[{""product_id"": ""966126"", ""confidence"": 0.1748, ""predicted_quantity"": 4, ""predicted_area"": ""South Natomas""}, {""product_id"": ""926868"", ""confidence"": 0.1598, ""predicted_quantity"": 4, ""predicted_area"": ""South Natomas""}, {""product_id"": ""644730"", ""confidence"": 0.1484, ""predicted_quantity"": 4, ""predicted_area"": ""South Natomas""}, {""product_id"": ""542696"", ""confidence"": 0.1379, ""predicted_quantity"": 4, ""predicted_area"": ""South Natomas""}, {""product_id"": ""129553"", ""confidence"": 0.1351, ""predicted_quantity"": 4, ""predicted_area"": ""South Natomas""}]","[{""product_id"": ""782729"", ""confidence"": 0.1965, ""predicted_quantity"": 4, ""predicted_area"": ""South Natomas""}, {""product_id"": ""644730"", ""confidence"": 0.1108, ""predicted_quantity"": 4, ""predicted_area"": ""South Natomas""}, {""product_id"": ""417528"", ""confidence"": 0.1048, ""predicted_quantity"": 4, ""predicted_area"": ""South Natomas""}, {""product_id"": ""357966"", ""confidence"": 0.0984, ""predicted_quantity"": 4, ""predicted_area"": ""South Natomas""}, {""product_id"": ""424718"", ""confidence"": 0.0944, ""predicted_quantity"": 4, ""predicted_area"": ""South Natomas""}]","[{""product_id"": ""120672"", ""confidence"": 0.1968, ""predicted_quantity"": 4, ""predicted_area"": ""South Natomas""}, {""product_id"": ""424718"", ""confidence"": 0.132, ""predicted_quantity"": 4, ""predicted_area"": ""South Natomas""}, {""product_id"": ""799380"", ""confidence"": 0.1256, ""predicted_quantity"": 4, ""predicted_area"": ""South Natomas""}, {""product_id"": ""240196"", ""confidence"": 0.0791, ""predicted_quantity"": 4, ""predicted_area"": ""South Natomas""}, {""product_id"": ""656573"", ""confidence"": 0.0674, ""predicted_quantity"": 4, ""predicted_area"": ""South Natomas""}]","[{""product_id"": ""542696"", ""confidence"": 0.1586, ""predicted_quantity"": 4, ""predicted_area"": ""Oak Park""}, {""product_id"": ""120672"", ""confidence"": 0.1543, ""predicted_quantity"": 4, ""predicted_area"": ""Oak Park""}, {""product_id"": ""129553"", ""confidence"": 0.1472, ""predicted_quantity"": 4, ""predicted_area"": ""Oak Park""}, {""product_id"": ""855119"", ""confidence"": 0.0861, ""predicted_quantity"": 4, ""predicted_area"": ""Oak Park""}, {""product_id"": ""846554"", ""confidence"": 0.0802, ""predicted_quantity"": 4, ""predicted_area"": ""Oak Park""}]","[{""product_id"": ""391708"", ""confidence"": 0.1536, ""predicted_quantity"": 4, ""predicted_area"": ""South Natomas""}, {""product_id"": ""424718"", ""confidence"": 0.1001, ""predicted_quantity"": 4, ""predicted_area"": ""South Natomas""}, {""product_id"": ""741835"", ""confidence"": 0.0995, ""predicted_quantity"": 4, ""predicted_area"": ""South Natomas""}, {""product_id"": ""203454"", ""confidence"": 0.098, ""predicted_quantity"": 4, ""predicted_area"": ""South Natomas""}, {""product_id"": ""240196"", ""confidence"": 0.0708, ""predicted_quantity"": 4, ""predicted_area"": ""South Natomas""}]","[{""product_id"": ""799380"", ""confidence"": 0.1748, ""predicted_quantity"": 4, ""predicted_area"": ""South Natomas""}, {""product_id"": ""120672"", ""confidence"": 0.1495, ""predicted_quantity"": 4, ""predicted_area"": ""South Natomas""}, {""product_id"": ""656573"", ""confidence"": 0.1353, ""predicted_quantity"": 4, ""predicted_area"": ""South Natomas""}, {""product_id"": ""966126"", ""confidence"": 0.1302, ""predicted_quantity"": 4, ""predicted_area"": ""South Natomas""}, {""product_id"": ""846554"", ""confidence"": 0.1289, ""predicted_quantity"": 4, ""predicted_area"": ""South Natomas""}]"
15,"[{""product_id"": ""542696"", ""confidence"": 0.1168, ""predicted_quantity"": 4, ""predicted_area"": ""South Natomas""}, {""product_id"": ""926868"", ""confidence"": 0.1114, ""predicted_quantity"": 4, ""predicted_area"": ""South Natomas""}, {""product_id"": ""391708"", ""confidence"": 0.0772, ""predicted_quantity"": 4, ""predicted_area"": ""South Natomas""}, {""product_id"": ""240196"", ""confidence"": 0.0706, ""predicted_quantity"": 4, ""predicted_area"": ""South Natomas""}, {""product_id"": ""644730"", ""confidence"": 0.0629, ""predicted_quantity"": 4, ""predicted_area"": ""South Natomas""}]","[{""product_id"": ""966126"", ""confidence"": 0.1435, ""predicted_quantity"": 4, ""predicted_area"": ""South Natomas""}, {""product_id"": ""203454"", ""confidence"": 0.1434, ""predicted_quantity"": 4, ""predicted_area"": ""South Natomas""}, {""product_id"": ""391708"", ""confidence"": 0.1421, ""predicted_quantity"": 4, ""predicted_area"": ""South Natomas""}, {""product_id"": ""741835"", ""confidence"": 0.1394, ""predicted_quantity"": 4, ""predicted_area"": ""South Natomas""}, {""product_id"": ""542696"", ""confidence"": 0.0864, ""predicted_quantity"": 4, ""predicted_area"": ""South Natomas""}]","[{""product_id"": ""644730"", ""confidence"": 0.2417, ""predicted_quantity"": 4, ""predicted_area"": ""South Natomas""}, {""product_id"": ""129553"", ""confidence"": 0.1535, ""predicted_quantity"": 4, ""predicted_area"": ""South Natomas""}, {""product_id"": ""417528"", ""confidence"": 0.0899, ""predicted_quantity"": 4, ""predicted_area"": ""South Natomas""}, {""product_id"": ""741835"", ""confidence"": 0.0824, ""predicted_quantity"": 4, ""predicted_area"": ""South Natomas""}, {""product_id"": ""357966"", ""confidence"": 0.0765, ""predicted_quantity"": 4, ""predicted_area"": ""South Natomas""}]","[{""product_id"": ""221626"", ""confidence"": 0.1158, ""predicted_quantity"": 4, ""predicted_area"": ""South Natomas""}, {""product_id"": ""542696"", ""confidence"": 0.1063, ""predicted_quantity"": 4, ""predicted_area"": ""South Natomas""}, {""product_id"": ""782729"", ""confidence"": 0.1024, ""predicted_quantity"": 4, ""predicted_area"": ""South Natomas""}, {""product_id"": ""417528"", ""confidence"": 0.0622, ""predicted_quantity"": 4, ""predicted_area"": ""South Natomas""}, {""product_id"": ""391708"", ""confidence"": 0.0566, ""predicted_quantity"": 4, ""predicted_area"": ""South Natomas""}]","[{""product_id"": ""293073"", ""confidence"": 0.184, ""predicted_quantity"": 4, ""predicted_area"": ""Oak Park""}, {""product_id"": ""417009"", ""confidence"": 0.0889, ""predicted_quantity"": 4, ""predicted_area"": ""Oak Park""}, {""product_id"": ""391708"", ""confidence"": 0.0873, ""predicted_quantity"": 4, ""predicted_area"": ""Oak Park""}, {""product_id"": ""876627"", ""confidence"": 0.0865, ""predicted_quantity"": 4, ""predicted_area"": ""Oak Park""}, {""product_id"": ""424718"", ""confidence"": 0.0858, ""predicted_quantity"": 4, ""predicted_area"": ""Oak Park""}]","[{""product_id"": ""926868"", ""confidence"": 0.1384, ""predicted_quantity"": 4, ""predicted_area"": ""South Natomas""}, {""product_id"": ""357966"", ""confidence"": 0.1383, ""predicted_quantity"": 4, ""predicted_area"": ""South Natomas""}, {""product_id"": ""644730"", ""confidence"": 0.1331, ""predicted_quantity"": 4, ""predicted_area"": ""South Natomas""}, {""product_id"": ""417528"", ""confidence"": 0.1281, ""predicted_quantity"": 4, ""predicted_area"": ""South Natomas""}, {""product_id"": ""855119"", ""confidence"": 0.0614, ""predicted_quantity"": 4, ""predicted_area"": ""South Natomas""}]","[{""product_id"": ""799380"", ""confidence"": 0.124, ""predicted_quantity"": 4, ""predicted_area"": ""South Natomas""}, {""product_id"": ""966126"", ""confidence"": 0.114, ""predicted_quantity"": 4, ""predicted_area"": ""South Natomas""}, {""product_id"": ""129553"", ""confidence"": 0.0991, ""predicted_quantity"": 4, ""predicted_area"": ""South Natomas""}, {""product_id"": ""782729"", ""confidence"": 0.0963, ""predicted_quantity"": 4, ""predicted_area"": ""South Natomas""}, {""product_id"": ""357966"", ""confidence"": 0.0961, ""predicted_quantity"": 4, ""predicted_area"": ""South Natomas""}]"
16,"[{""product_id"": ""799380"", ""confidence"": 0.1838, ""predicted_quantity"": 4, ""predicted_area"": ""South Natomas""}, {""product_id"": ""391708"", ""confidence"": 0.1279, ""predicted_quantity"": 4, ""predicted_area"": ""South Natomas""}, {""product_id"": ""120672"", ""confidence"": 0.1222, ""predicted_quantity"": 4, ""predicted_area"": ""South Natomas""}, {""product_id"": ""417528"", ""confidence"": 0.1133, ""predicted_quantity"": 4, ""predicted_area"": ""South Natomas""}, {""product_id"": ""129553"", ""confidence"": 0.0777, ""predicted_quantity"": 4, ""predicted_area"": ""South Natomas""}]","[{""product_id"": ""846554"", ""confidence"": 0.1994, ""predicted_quantity"": 4, ""predicted_area"": ""South Natomas""}, {""product_id"": ""457848"", ""confidence"": 0.1946, ""predicted_quantity"": 4, ""predicted_area"": ""South Natomas""}, {""product_id"": ""876627"", ""confidence"": 0.1269, ""predicted_quantity"": 4, ""predicted_area"": ""South Natomas""}, {""product_id"": ""575961"", ""confidence"": 0.0993, ""predicted_quantity"": 4, ""predicted_area"": ""South Natomas""}, {""product_id"": ""855119"", ""confidence"": 0.0913, ""predicted_quantity"": 4, ""predicted_area"": ""South Natomas""}]","[{""product_id"": ""457848"", ""confidence"": 0.2053, ""predicted_quantity"": 4, ""predicted_area"": ""South Natomas""}, {""product_id"": ""644730"", ""confidence"": 0.1339, ""predicted_quantity"": 4, ""predicted_area"": ""South Natomas""}, {""product_id"": ""855119"", ""confidence"": 0.0689, ""predicted_quantity"": 4, ""predicted_area"": ""South Natomas""}, {""product_id"": ""240196"", ""confidence"": 0.0677, ""predicted_quantity"": 4, ""predicted_area"": ""South Natomas""}, {""product_id"": ""203454"", ""confidence"": 0.0632, ""predicted_quantity"": 4, ""predicted_area"": ""South Natomas""}]","[{""product_id"": ""120672"", ""confidence"": 0.1666, ""predicted_quantity"": 4, ""predicted_area"": ""South Natomas""}, {""product_id"": ""876627"", ""confidence"": 0.1456, ""predicted_quantity"": 4, ""predicted_area"": ""South Natomas""}, {""product_id"": ""240196"", ""confidence"": 0.1368, ""predicted_quantity"": 4, ""predicted_area"": ""South Natomas""}, {""product_id"": ""644730"", ""confidence"": 0.1305, ""predicted_quantity"": 4, ""predicted_area"": ""South Natomas""}, {""product_id"": ""741835"", ""confidence"": 0.1262, ""predicted_quantity"": 4, ""predicted_area"": ""South Natomas""}]","[{""product_id"": ""129553"", ""confidence"": 0.1853, ""predicted_quantity"": 4, ""predicted_area"": ""Oak Park""}, {""product_id"": ""424718"", ""confidence"": 0.1055, ""predicted_quantity"": 4, ""predicted_area"": ""Oak Park""}, {""product_id"": ""417528"", ""confidence"": 0.102, ""predicted_quantity"": 4, ""predicted_area"": ""Oak Park""}, {""product_id"": ""846554"", ""confidence"": 0.093, ""predicted_quantity"": 4, ""predicted_area"": ""Oak Park""}, {""product_id"": ""575961"", ""confidence"": 0.0923, ""predicted_quantity"": 4, ""predicted_area"": ""Oak Park""}]","[{""product_id"": ""876627"", ""confidence"": 0.1253, ""predicted_quantity"": 4, ""predicted_area"": ""South Natomas""}, {""product_id"": ""656573"", ""confidence"": 0.1121, ""predicted_quantity"": 4, ""predicted_area"": ""South Natomas""}, {""product_id"": ""741835"", ""confidence"": 0.0795, ""predicted_quantity"": 4, ""predicted_area"": ""South Natomas""}, {""product_id"": ""357966"", ""confidence"": 0.0691, ""predicted_quantity"": 4, ""predicted_area"": ""South Natomas""}, {""product_id"": ""424718"", ""confidence"": 0.0675, ""predicted_quantity"": 4, ""predicted_area"": ""South Natomas""}]","[{""product_id"": ""240196"", ""confidence"": 0.2424, ""predicted_quantity"": 4, ""predicted_area"": ""South Natomas""}, {""product_id"": ""357966"", ""confidence"": 0.2359, ""predicted_quantity"": 4, ""predicted_area"": ""South Natomas""}, {""product_id"": ""644730"", ""confidence"": 0.0964, ""predicted_quantity"": 4, ""predicted_area"": ""South Natomas""}, {""product_id"": ""799380"", ""confidence"": 0.0961, ""predicted_quantity"": 4, ""predicted_area"": ""South Natomas""}, {""product_id"": ""966126"", ""confidence"": 0.0956, ""predicted_quantity"": 4, ""predicted_area"": ""South Natomas""}]"
17,"[{""product_id"": ""656573"", ""confidence"": 0.2436, ""predicted_quantity"": 4, ""predicted_area"": ""South Natomas""}, {""product_id"": ""221626"", ""confidence"": 0.2403, ""predicted_quantity"": 4, ""predicted_area"": ""South Natomas""}, {""product_id"": ""240196"", ""confidence"": 0.1554, ""predicted_quantity"": 4, ""predicted_area"": ""South Natomas""}, {""product_id"": ""129553"", ""confidence"": 0.0884, ""predicted_quantity"": 4, ""predicted_area"": ""South Natomas""}, {""product_id"": ""457848"", ""confidence"": 0.0817, ""predicted_quantity"": 4, ""predicted_area"": ""South Natomas""}]","[{""product_id"": ""876627"", ""confidence"": 0.183, ""predicted_quantity"": 4, ""predicted_area"": ""South Natomas""}, {""product_id"": ""846554"", ""confidence"": 0.1021, ""predicted_quantity"": 4, ""predicted_area"": ""South Natomas""}, {""product_id"": ""575961"", ""confidence"": 0.099, ""predicted_quantity"": 4, ""predicted_area"": ""South Natomas""}, {""product_id"": ""457848"", ""confidence"": 0.0975, ""predicted_quantity"": 4, ""predicted_area"": ""South Natomas""}, {""product_id"": ""221626"", ""confidence"": 0.0948, ""predicted_quantity"": 4, ""predicted_area"": ""South Natomas""}]","[{""product_id"": ""966126"", ""confidence"": 0.2315, ""predicted_quantity"": 4, ""predicted_area"": ""South Natomas""}, {""product_id"": ""926868"", ""confidence"": 0.1459, ""predicted_quantity"": 4, ""predicted_area"": ""South Natomas""}, {""product_id"": ""203454"", ""confidence"": 0.0801, ""predicted_quantity"": 4, ""predicted_area"": ""South Natomas""}, {""product_id"": ""417009"", ""confidence"": 0.0764, ""predicted_quantity"": 4, ""predicted_area"": ""South Natomas""}, {""product_id"": ""240196"", ""confidence"": 0.0743, ""predicted_quantity"": 4, ""predicted_area"": ""South Natomas""}]","[{""product_id"": ""741835"", ""confidence"": 0.157, ""predicted_quantity"": 4, ""predicted_area"": ""South Natomas""}, {""product_id"": ""740474"", ""confidence"": 0.1429, ""predicted_quantity"": 4, ""predicted_area"": ""South Natomas""}, {""product_id"": ""221626"", ""confidence"": 0.0824, ""predicted_quantity"": 4, ""predicted_area"": ""South Natomas""}, {""product_id"": ""293073"", ""confidence"": 0.0705, ""predicted_quantity"": 4, ""predicted_area"": ""South Natomas""}, {""product_id"": ""417009"", ""confidence"": 0.0701, ""predicted_quantity"": 4, ""predicted_area"": ""South Natomas""}]","[{""product_id"": ""129553"", ""confidence"": 0.13, ""predicted_quantity"": 4, ""predicted_area"": ""Oak Park""}, {""product_id"": ""740474"", ""confidence"": 0.1167, ""predicted_quantity"": 4, ""predicted_area"": ""Oak Park""}, {""product_id"": ""424718"", ""confidence"": 0.1135, ""predicted_quantity"": 4, ""predicted_area"": ""Oak Park""}, {""product_id"": ""417528"", ""confidence"": 0.0654, ""predicted_quantity"": 4, ""predicted_area"": ""Oak Park""}, {""product_id"": ""575961"", ""confidence"": 0.0588, ""predicted_quantity"": 4, ""predicted_area"": ""Oak Park""}]","[{""product_id"": ""203454"", ""confidence"": 0.164, ""predicted_quantity"": 4, ""predicted_area"": ""South Natomas""}, {""product_id"": ""741835"", ""confidence"": 0.1638, ""predicted_quantity"": 4, ""predicted_area"": ""South Natomas""}, {""product_id"": ""457848"", ""confidence"": 0.0904, ""predicted_quantity"": 4, ""predicted_area"": ""South Natomas""}, {""product_id"": ""240196"", ""confidence"": 0.09, ""predicted_quantity"": 4, ""predicted_area"": ""South Natomas""}, {""product_id"": ""424718"", ""confidence"": 0.082, ""predicted_quantity"": 4, ""predicted_area"": ""South Natomas""}]","[{""product_id"": ""293073"", ""confidence"": 0.1444, ""predicted_quantity"": 4, ""predicted_area"": ""South Natomas""}, {""product_id"": ""240196"", ""confidence"": 0.1314, ""predicted_quantity"": 4, ""predicted_area"": ""South Natomas""}, {""product_id"": ""424718"", ""confidence"": 0.1296, ""predicted_quantity"": 4, ""predicted_area"": ""South Natomas""}, {""product_id"": ""846554"", ""confidence"": 0.1155, ""predicted_quantity"": 4, ""predicted_area"": ""South Natomas""}, {""product_id"": ""782729"", ""confidence"": 0.1029, ""predicted_quantity"": 4, ""predicted_area"": ""South Natomas""}]"
18,"[{""product_id"": ""656573"", ""confidence"": 0.1888, ""predicted_quantity"": 4, ""predicted_area"": ""South Natomas""}, {""product_id"": ""129553"", ""confidence"": 0.1783, ""predicted_quantity"": 4, ""predicted_area"": ""South Natomas""}, {""product_id"": ""417009"", ""confidence"": 0.1677, ""predicted_quantity"": 4, ""predicted_area"": ""South Natomas""}, {""product_id"": ""424718"", ""confidence"": 0.1448, ""predicted_quantity"": 4, ""predicted_area"": ""South Natomas""}, {""product_id"": ""782729"", ""confidence"": 0.0889, ""predicted_quantity"": 4, ""predicted_area"": ""South Natomas""}]","[{""product_id"": ""741835"", ""confidence"": 0.1676, ""predicted_quantity"": 4, ""predicted_area"": ""South Natomas""}, {""product_id"": ""417009"", ""confidence"": 0.118, ""predicted_quantity"": 4, ""predicted_area"": ""South Natomas""}, {""product_id"": ""120672"", ""confidence"": 0.1037, ""predicted_quantity"": 4, ""predicted_area"": ""South Natomas""}, {""product_id"": ""644730"", ""confidence"": 0.0982, ""predicted_quantity"": 4, ""predicted_area"": ""South Natomas""}, {""product_id"": ""966126"", ""confidence"": 0.057, ""predicted_quantity"": 4, ""predicted_area"": ""South Natomas""}]","[{""product_id"": ""846554"", ""confidence"": 0.151, ""predicted_quantity"": 4, ""predicted_area"": ""South Natomas""}, {""product_id"": ""240196"", ""confidence"": 0.1458, ""predicted_quantity"": 4, ""predicted_area"": ""South Natomas""}, {""product_id"": ""966126"", ""confidence"": 0.141, ""predicted_quantity"": 4, ""predicted_area"": ""South Natomas""}, {""product_id"": ""203454"", ""confidence"": 0.1305, ""predicted_quantity"": 4, ""predicted_area"": ""South Natomas""}, {""product_id"": ""424718"", ""confidence"": 0.1305, ""predicted_quantity"": 4, ""predicted_area"": ""South Natomas""}]","[{""product_id"": ""293073"", ""confidence"": 0.1509, ""predicted_quantity"": 4, ""predicted_area"": ""South Natomas""}, {""product_id"": ""240196"", ""confidence"": 0.0987, ""predicted_quantity"": 4, ""predicted_area"": ""South Natomas""}, {""product_id"": ""926868"", ""confidence"": 0.0981, ""predicted_quantity"": 4, ""predicted_area"": ""South Natomas""}, {""product_id"": ""656573"", ""confidence"": 0.098, ""predicted_quantity"": 4, ""predicted_area"": ""South Natomas""}, {""product_id"": ""644730"", ""confidence"": 0.0957, ""predicted_quantity"": 4, ""predicted_area"": ""South Natomas""}]","[{""product_id"": ""740474"", ""confidence"": 0.1336, ""predicted_quantity"": 4, ""predicted_area"": ""Oak Park""}, {""product_id"": ""417009"", ""confidence"": 0.132, ""predicted_quantity"": 4, ""predicted_area"": ""Oak Park""}, {""product_id"": ""417528"", ""confidence"": 0.1261, ""predicted_quantity"": 4, ""predicted_area"": ""Oak Park""}, {""product_id"": ""129553"", ""confidence"": 0.1226, ""predicted_quantity"": 4, ""predicted_area"": ""Oak Park""}, {""product_id"": ""120672"", ""confidence"": 0.0657, ""predicted_quantity"": 4, ""predicted_area"": ""Oak Park""}]","[{""product_id"": ""417009"", ""confidence"": 0.152, ""predicted_quantity"": 4, ""predicted_area"": ""South Natomas""}, {""product_id"": ""120672"", ""confidence"": 0.1382, ""predicted_quantity"": 4, ""predicted_area"": ""South Natomas""}, {""product_id"": ""221626"", ""confidence"": 0.124, ""predicted_quantity"": 4, ""predicted_area"": ""South Natomas""}, {""product_id"": ""656573"", ""confidence"": 0.1228, ""predicted_quantity"": 4, ""predicted_area"": ""South Natomas""}, {""product_id"": ""846554"", ""confidence"": 0.1227, ""predicted_quantity"": 4, ""predicted_area"": ""South Natomas""}]","[{""product_id"": ""221626"", ""confidence"": 0.2009, ""predicted_quantity"": 4, ""predicted_area"": ""South Natomas""}, {""product_id"": ""357966"", ""confidence"": 0.1971, ""predicted_quantity"": 4, ""predicted_area"": ""South Natomas""}, {""product_id"": ""656573"", ""confidence"": 0.117, ""predicted_quantity"": 4, ""predicted_area"": ""South Natomas""}, {""product_id"": ""293073"", ""confidence"": 0.0971, ""predicted_quantity"": 4, ""predicted_area"": ""South Natomas""}, {""product_id"": ""966126"", ""confidence"": 0.096, ""predicted_quantity"": 4, ""predicted_area"": ""South Natomas""}]"
19,"[{""product_id"": ""542696"", ""confidence"": 0.1995, ""predicted_quantity"": 4, ""predicted_area"": ""South Natomas""}, {""product_id"": ""417009"", ""confidence"": 0.1135, ""predicted_quantity"": 4, ""predicted_area"": ""South Natomas""}, {""product_id"": ""357966"", ""confidence"": 0.1033, ""predicted_quantity"": 4, ""predicted_area"": ""South Natomas""}, {""product_id"": ""656573"", ""confidence"": 0.1005, ""predicted_quantity"": 4, ""predicted_area"": ""South Natomas""}, {""product_id"": ""129553"", ""confidence"": 0.093, ""predicted_quantity"": 4, ""predicted_area"": ""South Natomas""}]","[{""product_id"": ""741835"", ""confidence"": 0.3012, ""predicted_quantity"": 4, ""predicted_area"": ""South Natomas""}, {""product_id"": ""855119"", ""confidence"": 0.1092, ""predicted_quantity"": 4, ""predicted_area"": ""South Natomas""}, {""product_id"": ""417528"", ""confidence"": 0.1077, ""predicted_quantity"": 4, ""predicted_area"": ""South Natomas""}, {""product_id"": ""846554"", ""confidence"": 0.0597, ""predicted_quantity"": 4, ""predicted_area"": ""South Natomas""}, {""product_id"": ""542696"", ""confidence"": 0.0564, ""predicted_quantity"": 4, ""predicted_area"": ""South Natomas""}]","[{""product_id"": ""391708"", ""confidence"": 0.2341, ""predicted_quantity"": 4, ""predicted_area"": ""South Natomas""}, {""product_id"": ""846554"", ""confidence"": 0.1133, ""predicted_quantity"": 4, ""predicted_area"": ""South Natomas""}, {""product_id"": ""575961"", ""confidence"": 0.1091, ""predicted_quantity"": 4, ""predicted_area"": ""South Natomas""}, {""product_id"": ""656573"", ""confidence"": 0.1019, ""predicted_quantity"": 4, ""predicted_area"": ""South Natomas""}, {""product_id"": ""741835"", ""confidence"": 0.0994, ""predicted_quantity"": 4, ""predicted_area"": ""South Natomas""}]","[{""product_id"": ""741835"", ""confidence"": 0.1448, ""predicted_quantity"": 4, ""predicted_area"": ""South Natomas""}, {""product_id"": ""782729"", ""confidence"": 0.1074, ""predicted_quantity"": 4, ""predicted_area"": ""South Natomas""}, {""product_id"": ""656573"", ""confidence"": 0.0971, ""predicted_quantity"": 4, ""predicted_area"": ""South Natomas""}, {""product_id"": ""926868"", ""confidence"": 0.0959, ""predicted_quantity"": 4, ""predicted_area"": ""South Natomas""}, {""product_id"": ""417009"", ""confidence"": 0.0911, ""predicted_quantity"": 4, ""predicted_area"": ""South Natomas""}]","[{""product_id"": ""221626"", ""confidence"": 0.1919, ""predicted_quantity"": 4, ""predicted_area"": ""Oak Park""}, {""product_id"": ""357966"", ""confidence"": 0.1077, ""predicted_quantity"": 4, ""predicted_area"": ""Oak Park""}, {""product_id"": ""417528"", ""confidence"": 0.1058, ""predicted_quantity"": 4, ""predicted_area"": ""Oak Park""}, {""product_id"": ""293073"", ""confidence"": 0.1003, ""predicted_quantity"": 4, ""predicted_area"": ""Oak Park""}, {""product_id"": ""417009"", ""confidence"": 0.0992, ""predicted_quantity"": 4, ""predicted_area"": ""Oak Park""}]","[{""product_id"": ""120672"", ""confidence"": 0.2085, ""predicted_quantity"": 4, ""predicted_area"": ""South Natomas""}, {""product_id"": ""846554"", ""confidence"": 0.1264, ""predicted_quantity"": 4, ""predicted_area"": ""South Natomas""}, {""product_id"": ""357966"", ""confidence"": 0.1197, ""predicted_quantity"": 4, ""predicted_area"": ""South Natomas""}, {""product_id"": ""417528"", ""confidence"": 0.1059, ""predicted_quantity"": 4, ""predicted_area"": ""South Natomas""}, {""product_id"": ""293073"", ""confidence"": 0.1016, ""predicted_quantity"": 4, ""predicted_area"": ""South Natomas""}]","[{""product_id"": ""357966"", ""confidence"": 0.1649, ""predicted_quantity"": 4, ""predicted_area"": ""South Natomas""}, {""product_id"": ""424718"", ""confidence"": 0.152, ""predicted_quantity"": 4, ""predicted_area"": ""South Natomas""}, {""product_id"": ""457848"", ""confidence"": 0.0912, ""predicted_quantity"": 4, ""predicted_area"": ""South Natomas""}, {""product_id"": ""855119"", ""confidence"": 0.0791, ""predicted_quantity"": 4, ""predicted_area"": ""South Natomas""}, {""product_id"": ""846554"", ""confidence"": 0.075, ""predicted_quantity"": 4, ""predicted_area"": ""South Natomas""}]"
20,"[{""product_id"": ""782729"", ""confidence"": 0.1, ""predicted_quantity"": 4, ""predicted_area"": ""South Natomas""}, {""product_id"": ""644730"", ""confidence"": 0.0927, ""predicted_quantity"": 4, ""predicted_area"": ""South Natomas""}, {""product_id"": ""417009"", ""confidence"": 0.0924, ""predicted_quantity"": 4, ""predicted_area"": ""South Natomas""}, {""product_id"": ""240196"", ""confidence"": 0.0917, ""predicted_quantity"": 4, ""predicted_area"": ""South Natomas""}, {""product_id"": ""926868"", ""confidence"": 0.0814, ""predicted_quantity"": 4, ""predicted_area"": ""South Natomas""}]","[{""product_id"": ""542696"", ""confidence"": 0.1996, ""predicted_quantity"": 4, ""predicted_area"": ""South Natomas""}, {""product_id"": ""846554"", ""confidence"": 0.1832, ""predicted_quantity"": 4, ""predicted_area"": ""South Natomas""}, {""product_id"": ""424718"", ""confidence"": 0.0831, ""predicted_quantity"": 4, ""predicted_area"": ""South Natomas""}, {""product_id"": ""457848"", ""confidence"": 0.0801, ""predicted_quantity"": 4, ""predicted_area"": ""South Natomas""}, {""product_id"": ""129553"", ""confidence"": 0.0792, ""predicted_quantity"": 4, ""predicted_area"": ""South Natomas""}]","[{""product_id"": ""203454"", ""confidence"": 0.1872, ""predicted_quantity"": 4, ""predicted_area"": ""South Natomas""}, {""product_id"": ""740474"", ""confidence"": 0.1267, ""predicted_quantity"": 4, ""predicted_area"": ""South Natomas""}, {""product_id"": ""221626"", ""confidence"": 0.1203, ""predicted_quantity"": 4, ""predicted_area"": ""South Natomas""}, {""product_id"": ""129553"", ""confidence"": 0.0709, ""predicted_quantity"": 4, ""predicted_area"": ""South Natomas""}, {""product_id"": ""424718"", ""confidence"": 0.0606, ""predicted_quantity"": 4, ""predicted_area"": ""South Natomas""}]","[{""product_id"": ""782729"", ""confidence"": 0.1373, ""predicted_quantity"": 4, ""predicted_area"": ""South Natomas""}, {""product_id"": ""876627"", ""confidence"": 0.132, ""predicted_quantity"": 4, ""predicted_area"": ""South Natomas""}, {""product_id"": ""542696"", ""confidence"": 0.0836, ""predicted_quantity"": 4, ""predicted_area"": ""South Natomas""}, {""product_id"": ""203454"", ""confidence"": 0.0756, ""predicted_quantity"": 4, ""predicted_area"": ""South Natomas""}, {""product_id"": ""240196"", ""confidence"": 0.0688, ""predicted_quantity"": 4, ""predicted_area"": ""South Natomas""}]","[{""product_id"": ""293073"", ""confidence"": 0.5535, ""predicted_quantity"": 4, ""predicted_area"": ""Oak Park""}, {""product_id"": ""357966"", ""confidence"": 0.1725, ""predicted_quantity"": 4, ""predicted_area"": ""Oak Park""}, {""product_id"": ""782729"", ""confidence"": 0.1321, ""predicted_quantity"": 4, ""predicted_area"": ""Oak Park""}, {""product_id"": ""799380"", ""confidence"": 0.0327, ""predicted_quantity"": 4, ""predicted_area"": ""Oak Park""}, {""product_id"": ""417009"", ""confidence"": 0.0223, ""predicted_quantity"": 4, ""predicted_area"": ""Oak Park""}]","[{""product_id"": ""740474"", ""confidence"": 0.2118, ""predicted_quantity"": 4, ""predicted_area"": ""South Natomas""}, {""product_id"": ""799380"", ""confidence"": 0.0779, ""predicted_quantity"": 4, ""predicted_area"": ""South Natomas""}, {""product_id"": ""293073"", ""confidence"": 0.0764, ""predicted_quantity"": 4, ""predicted_area"": ""South Natomas""}, {""product_id"": ""424718"", ""confidence"": 0.0741, ""predicted_quantity"": 4, ""predicted_area"": ""South Natomas""}, {""product_id"": ""417528"", ""confidence"": 0.0672, ""predicted_quantity"": 4, ""predicted_area"": ""South Natomas""}]","[{""product_id"": ""203454"", ""confidence"": 0.1644, ""predicted_quantity"": 4, ""predicted_area"": ""South Natomas""}, {""product_id"": ""799380"", ""confidence"": 0.1188, ""predicted_quantity"": 4, ""predicted_area"": ""South Natomas""}, {""product_id"": ""221626"", ""confidence"": 0.1125, ""predicted_quantity"": 4, ""predicted_area"": ""South Natomas""}, {""product_id"": ""357966"", ""confidence"": 0.068, ""predicted_quantity"": 4, ""predicted_area"": ""South Natomas""}, {""product_id"": ""966126"", ""confidence"": 0.0629, ""predicted_quantity"": 4, ""predicted_area"": ""South Natomas""}]"
21,"[{""product_id"": ""656573"", ""confidence"": 0.1052, ""predicted_quantity"": 4, ""predicted_area"": ""South Natomas""}, {""product_id"": ""542696"", ""confidence"": 0.1023, ""predicted_quantity"": 4, ""predicted_area"": ""South Natomas""}, {""product_id"": ""293073"", ""confidence"": 0.0927, ""predicted_quantity"": 4, ""predicted_area"": ""South Natomas""}, {""product_id"": ""417009"", ""confidence"": 0.0749, ""predicted_quantity"": 4, ""predicted_area"": ""South Natomas""}, {""product_id"": ""926868"", ""confidence"": 0.0744, ""predicted_quantity"": 4, ""predicted_area"": ""South Natomas""}]","[{""product_id"": ""855119"", ""confidence"": 0.117, ""predicted_quantity"": 4, ""predicted_area"": ""South Natomas""}, {""product_id"": ""966126"", ""confidence"": 0.1058, ""predicted_quantity"": 4, ""predicted_area"": ""South Natomas""}, {""product_id"": ""741835"", ""confidence"": 0.0646, ""predicted_quantity"": 4, ""predicted_area"": ""South Natomas""}, {""product_id"": ""926868"", ""confidence"": 0.0632, ""predicted_quantity"": 4, ""predicted_area"": ""South Natomas""}, {""product_id"": ""846554"", ""confidence"": 0.061, ""predicted_quantity"": 4, ""predicted_area"": ""South Natomas""}]","[{""product_id"": ""876627"", ""confidence"": 0.1217, ""predicted_quantity"": 4, ""predicted_area"": ""South Natomas""}, {""product_id"": ""391708"", ""confidence"": 0.1134, ""predicted_quantity"": 4, ""predicted_area"": ""South Natomas""}, {""product_id"": ""855119"", ""confidence"": 0.1083, ""predicted_quantity"": 4, ""predicted_area"": ""South Natomas""}, {""product_id"": ""575961"", ""confidence"": 0.1026, ""predicted_quantity"": 4, ""predicted_area"": ""South Natomas""}, {""product_id"": ""656573"", ""confidence"": 0.1021, ""predicted_quantity"": 4, ""predicted_area"": ""South Natomas""}]","[{""product_id"": ""799380"", ""confidence"": 0.1701, ""predicted_quantity"": 4, ""predicted_area"": ""South Natomas""}, {""product_id"": ""357966"", ""confidence"": 0.1179, ""predicted_quantity"": 4, ""predicted_area"": ""South Natomas""}, {""product_id"": ""542696"", ""confidence"": 0.1032, ""predicted_quantity"": 4, ""predicted_area"": ""South Natomas""}, {""product_id"": ""740474"", ""confidence"": 0.0951, ""predicted_quantity"": 4, ""predicted_area"": ""South Natomas""}, {""product_id"": ""424718"", ""confidence"": 0.0932, ""predicted_quantity"": 4, ""predicted_area"": ""South Natomas""}]","[{""product_id"": ""391708"", ""confidence"": 0.256, ""predicted_quantity"": 4, ""predicted_area"": ""Oak Park""}, {""product_id"": ""424718"", ""confidence"": 0.1261, ""predicted_quantity"": 4, ""predicted_area"": ""Oak Park""}, {""product_id"": ""799380"", ""confidence"": 0.1184, ""predicted_quantity"": 4, ""predicted_area"": ""Oak Park""}, {""product_id"": ""966126"", ""confidence"": 0.0673, ""predicted_quantity"": 4, ""predicted_area"": ""Oak Park""}, {""product_id"": ""855119"", ""confidence"": 0.065, ""predicted_quantity"": 4, ""predicted_area"": ""Oak Park""}]","[{""product_id"": ""120672"", ""confidence"": 0.2581, ""predicted_quantity"": 4, ""predicted_area"": ""South Natomas""}, {""product_id"": ""799380"", ""confidence"": 0.1693, ""predicted_quantity"": 4, ""predicted_area"": ""South Natomas""}, {""product_id"": ""966126"", ""confidence"": 0.1546, ""predicted_quantity"": 4, ""predicted_area"": ""South Natomas""}, {""product_id"": ""357966"", ""confidence"": 0.0972, ""predicted_quantity"": 4, ""predicted_area"": ""South Natomas""}, {""product_id"": ""926868"", ""confidence"": 0.0822, ""predicted_quantity"": 4, ""predicted_area"": ""South Natomas""}]","[{""product_id"": ""926868"", ""confidence"": 0.2329, ""predicted_quantity"": 4, ""predicted_area"": ""South Natomas""}, {""product_id"": ""799380"", ""confidence"": 0.2205, ""predicted_quantity"": 4, ""predicted_area"": ""South Natomas""}, {""product_id"": ""357966"", ""confidence"": 0.1724, ""predicted_quantity"": 4, ""predicted_area"": ""South Natomas""}, {""product_id"": ""656573"", ""confidence"": 0.1373, ""predicted_quantity"": 4, ""predicted_area"": ""South Natomas""}, {""product_id"": ""966126"", ""confidence"": 0.0273, ""predicted_quantity"": 4, ""predicted_area"": ""South Natomas""}]"
22,"[{""product_id"": ""575961"", ""confidence"": 0.2293, ""predicted_quantity"": 4, ""predicted_area"": ""South Natomas""}, {""product_id"": ""656573"", ""confidence"": 0.126, ""predicted_quantity"": 4, ""predicted_area"": ""South Natomas""}, {""product_id"": ""240196"", ""confidence"": 0.1147, ""predicted_quantity"": 4, ""predicted_area"": ""South Natomas""}, {""product_id"": ""741835"", ""confidence"": 0.1119, ""predicted_quantity"": 4, ""predicted_area"": ""South Natomas""}, {""product_id"": ""926868"", ""confidence"": 0.1061, ""predicted_quantity"": 4, ""predicted_area"": ""South Natomas""}]","[{""product_id"": ""656573"", ""confidence"": 0.1002, ""predicted_quantity"": 4, ""predicted_area"": ""South Natomas""}, {""product_id"": ""424718"", ""confidence"": 0.0944, ""predicted_quantity"": 4, ""predicted_area"": ""South Natomas""}, {""product_id"": ""782729"", ""confidence"": 0.0932, ""predicted_quantity"": 4, ""predicted_area"": ""South Natomas""}, {""product_id"": ""740474"", ""confidence"": 0.0841, ""predicted_quantity"": 4, ""predicted_area"": ""South Natomas""}, {""product_id"": ""293073"", ""confidence"": 0.0619, ""predicted_quantity"": 4, ""predicted_area"": ""South Natomas""}]","[{""product_id"": ""542696"", ""confidence"": 0.1658, ""predicted_quantity"": 4, ""predicted_area"": ""South Natomas""}, {""product_id"": ""782729"", ""confidence"": 0.1147, ""predicted_quantity"": 4, ""predicted_area"": ""South Natomas""}, {""product_id"": ""424718"", ""confidence"": 0.1009, ""predicted_quantity"": 4, ""predicted_area"": ""South Natomas""}, {""product_id"": ""876627"", ""confidence"": 0.0904, ""predicted_quantity"": 4, ""predicted_area"": ""South Natomas""}, {""product_id"": ""391708"", ""confidence"": 0.0868, ""predicted_quantity"": 4, ""predicted_area"": ""South Natomas""}]","[{""product_id"": ""293073"", ""confidence"": 0.1983, ""predicted_quantity"": 4, ""predicted_area"": ""South Natomas""}, {""product_id"": ""782729"", ""confidence"": 0.1884, ""predicted_quantity"": 4, ""predicted_area"": ""South Natomas""}, {""product_id"": ""129553"", ""confidence"": 0.1144, ""predicted_quantity"": 4, ""predicted_area"": ""South Natomas""}, {""product_id"": ""221626"", ""confidence"": 0.0918, ""predicted_quantity"": 4, ""predicted_area"": ""South Natomas""}, {""product_id"": ""424718"", ""confidence"": 0.0896, ""predicted_quantity"": 4, ""predicted_area"": ""South Natomas""}]","[{""product_id"": ""293073"", ""confidence"": 0.2232, ""predicted_quantity"": 4, ""predicted_area"": ""Oak Park""}, {""product_id"": ""926868"", ""confidence"": 0.1866, ""predicted_quantity"": 4, ""predicted_area"": ""Oak Park""}, {""product_id"": ""876627"", ""confidence"": 0.0826, ""predicted_quantity"": 4, ""predicted_area"": ""Oak Park""}, {""product_id"": ""221626"", ""confidence"": 0.0821, ""predicted_quantity"": 4, ""predicted_area"": ""Oak Park""}, {""product_id"": ""966126"", ""confidence"": 0.0785, ""predicted_quantity"": 4, ""predicted_area"": ""Oak Park""}]","[{""product_id"": ""357966"", ""confidence"": 0.1625, ""predicted_quantity"": 4, ""predicted_area"": ""South Natomas""}, {""product_id"": ""575961"", ""confidence"": 0.0946, ""predicted_quantity"": 4, ""predicted_area"": ""South Natomas""}, {""product_id"": ""293073"", ""confidence"": 0.0909, ""predicted_quantity"": 4, ""predicted_area"": ""South Natomas""}, {""product_id"": ""221626"", ""confidence"": 0.0843, ""predicted_quantity"": 4, ""predicted_area"": ""South Natomas""}, {""product_id"": ""240196"", ""confidence"": 0.0837, ""predicted_quantity"": 4, ""predicted_area"": ""South Natomas""}]","[{""product_id"": ""656573"", ""confidence"": 0.1581, ""predicted_quantity"": 4, ""predicted_area"": ""South Natomas""}, {""product_id"": ""575961"", ""confidence"": 0.1512, ""predicted_quantity"": 4, ""predicted_area"": ""South Natomas""}, {""product_id"": ""129553"", ""confidence"": 0.1432, ""predicted_quantity"": 4, ""predicted_area"": ""South Natomas""}, {""product_id"": ""293073"", ""confidence"": 0.142, ""predicted_quantity"": 4, ""predicted_area"": ""South Natomas""}, {""product_id"": ""221626"", ""confidence"": 0.1417, ""predicted_quantity"": 4, ""predicted_area"": ""South Natomas""}]"
23,"[{""product_id"": ""542696"", ""confidence"": 0.1486, ""predicted_quantity"": 4, ""predicted_area"": ""Oak Park""}, {""product_id"": ""741835"", ""confidence"": 0.1437, ""predicted_quantity"": 4, ""predicted_area"": ""Oak Park""}, {""product_id"": ""293073"", ""confidence"": 0.1257, ""predicted_quantity"": 4, ""predicted_area"": ""Oak Park""}, {""product_id"": ""782729"", ""confidence"": 0.0744, ""predicted_quantity"": 4, ""predicted_area"": ""Oak Park""}, {""product_id"": ""926868"", ""confidence"": 0.0725, ""predicted_quantity"": 4, ""predicted_area"": ""Oak Park""}]","[{""product_id"": ""417528"", ""confidence"": 0.1281, ""predicted_quantity"": 4, ""predicted_area"": ""South Natomas""}, {""product_id"": ""926868"", ""confidence"": 0.1239, ""predicted_quantity"": 4, ""predicted_area"": ""South Natomas""}, {""product_id"": ""357966"", ""confidence"": 0.1109, ""predicted_quantity"": 4, ""predicted_area"": ""South Natomas""}, {""product_id"": ""203454"", ""confidence"": 0.1098, ""predicted_quantity"": 4, ""predicted_area"": ""South Natomas""}, {""product_id"": ""855119"", ""confidence"": 0.1073, ""predicted_quantity"": 4, ""predicted_area"": ""South Natomas""}]","[{""product_id"": ""782729"", ""confidence"": 0.1387, ""predicted_quantity"": 4, ""predicted_area"": ""South Natomas""}, {""product_id"": ""203454"", ""confidence"": 0.083, ""predicted_quantity"": 4, ""predicted_area"": ""South Natomas""}, {""product_id"": ""855119"", ""confidence"": 0.0754, ""predicted_quantity"": 4, ""predicted_area"": ""South Natomas""}, {""product_id"": ""417528"", ""confidence"": 0.074, ""predicted_quantity"": 4, ""predicted_area"": ""South Natomas""}, {""product_id"": ""876627"", ""confidence"": 0.0725, ""predicted_quantity"": 4, ""predicted_area"": ""South Natomas""}]","[{""product_id"": ""740474"", ""confidence"": 0.289, ""predicted_quantity"": 4, ""predicted_area"": ""South Natomas""}, {""product_id"": ""926868"", ""confidence"": 0.2776, ""predicted_quantity"": 4, ""predicted_area"": ""South Natomas""}, {""product_id"": ""357966"", ""confidence"": 0.1394, ""predicted_quantity"": 4, ""predicted_area"": ""South Natomas""}, {""product_id"": ""129553"", ""confidence"": 0.1108, ""predicted_quantity"": 4, ""predicted_area"": ""South Natomas""}, {""product_id"": ""293073"", ""confidence"": 0.0387, ""predicted_quantity"": 4, ""predicted_area"": ""South Natomas""}]","[{""product_id"": ""799380"", ""confidence"": 0.1446, ""predicted_quantity"": 4, ""predicted_area"": ""Oak Park""}, {""product_id"": ""644730"", ""confidence"": 0.1381, ""predicted_quantity"": 4, ""predicted_area"": ""Oak Park""}, {""product_id"": ""424718"", ""confidence"": 0.0878, ""predicted_quantity"": 4, ""predicted_area"": ""Oak Park""}, {""product_id"": ""417528"", ""confidence"": 0.0742, ""predicted_quantity"": 4, ""predicted_area"": ""Oak Park""}, {""product_id"": ""782729"", ""confidence"": 0.0711, ""predicted_quantity"": 4, ""predicted_area"": ""Oak Park""}]","[{""product_id"": ""357966"", ""confidence"": 0.1546, ""predicted_quantity"": 4, ""predicted_area"": ""South Natomas""}, {""product_id"": ""293073"", ""confidence"": 0.1407, ""predicted_quantity"": 4, ""predicted_area"": ""South Natomas""}, {""product_id"": ""424718"", ""confidence"": 0.1374, ""predicted_quantity"": 4, ""predicted_area"": ""South Natomas""}, {""product_id"": ""644730"", ""confidence"": 0.1331, ""predicted_quantity"": 4, ""predicted_area"": ""South Natomas""}, {""product_id"": ""203454"", ""confidence"": 0.0792, ""predicted_quantity"": 4, ""predicted_area"": ""South Natomas""}]","[{""product_id"": ""740474"", ""confidence"": 0.1781, ""predicted_quantity"": 4, ""predicted_area"": ""South Natomas""}, {""product_id"": ""656573"", ""confidence"": 0.1617, ""predicted_quantity"": 4, ""predicted_area"": ""South Natomas""}, {""product_id"": ""417528"", ""confidence"": 0.1522, ""predicted_quantity"": 4, ""predicted_area"": ""South Natomas""}, {""product_id"": ""120672"", ""confidence"": 0.1499, ""predicted_quantity"": 4, ""predicted_area"": ""South Natomas""}, {""product_id"": ""966126"", ""confidence"": 0.1277, ""predicted_quantity"": 4, ""predicted_area"": ""South Natomas""}]"
